,B2a1,C1b1,C2a1,C2b,C2b1,C2b2,D1,D1a1,E1b1,F,G1a1,G1b,G2a1,G2a2,G2b1,H1a1,H1a2,H3b,H3b1,H3b2,I2a1,J1,J1a2,J1a3,J2,J2a1,J2a2,J2b2,K,K2a,K2a1,L1a1,L1a2,L1b2,N1a,N1a1,N1a2,N1a3,N1b1,N1b2,O1a,O1a1,O1a2,O1b1,O1b2,O2,O2a1,O2a2,O2b,O2b1,O2b2,Q1a1,Q1a2,Q1b1,Q1b2,Q2a1,Q2b1,Q2b2,Q2b3,R1a1,R1b,R1b1,R1b2,R2,R2a2,R2b,R2b1,T1a2
Miao_Sichuan,0,0.086956522,0.043478261,0,0,0,0,0.086956522,0,0,0,0,0,0,0,0,0,0,0,0,0,0,0,0,0,0,0,0,0,0,0,0,0,0,0,0,0,0,0,0,0,0.086956522,0,0.043478261,0,0,0.260869565,0.391304348,0,0,0,0,0,0,0,0,0,0,0,0,0,0,0,0,0,0,0,0
Miao_Guizhou,0,0.012658228,0,0,0.075949367,0,0,0.037974684,0,0,0,0,0,0,0,0,0,0,0,0,0,0,0,0,0,0,0,0,0,0,0,0,0,0,0,0,0,0,0,0.012658228,0,0.151898734,0,0.139240506,0,0,0.025316456,0.53164557,0,0,0,0.012658228,0,0,0,0,0,0,0,0,0,0,0,0,0,0,0,0
Nanjing_Guizhou,0,0,0,0,0.02173913,0,0,0.086956522,0,0.02173913,0,0,0,0,0,0,0,0,0,0,0,0,0,0,0,0,0,0,0,0,0,0,0,0,0,0,0,0,0,0.108695652,0,0.043478261,0,0.086956522,0,0,0.065217391,0.565217391,0,0,0,0,0,0,0,0,0,0,0,0,0,0,0,0,0,0,0,0
She_Fujian,0,0,0,0,0.046511628,0,0,0,0,0,0,0,0,0,0,0,0,0,0,0,0,0,0,0,0,0,0,0,0,0,0,0,0,0,0,0,0,0,0,0.023255814,0,0.325581395,0,0.093023256,0,0,0.162790698,0.325581395,0,0,0,0.023255814,0,0,0,0,0,0,0,0,0,0,0,0,0,0,0,0
Yao_Guizhou,0,0,0,0,0,0,0,0,0,0,0,0,0,0,0,0,0,0,0,0,0,0,0,0,0,0,0,0,0,0,0,0,0,0,0,0,0,0,0,0,0,0.066666667,0,0,0,0,0,0.933333333,0,0,0,0,0,0,0,0,0,0,0,0,0,0,0,0,0,0,0,0
Mongolian_Inner_Mongolia,0,0,0.243902439,0,0.146341463,0,0,0.024390244,0,0,0,0,0,0,0,0,0,0,0,0,0.048780488,0,0,0,0,0,0,0,0,0,0,0,0,0,0,0.024390244,0,0,0,0,0,0,0,0.073170732,0,0,0.073170732,0.292682927,0,0,0,0,0,0.024390244,0,0,0,0,0,0.024390244,0,0,0.024390244,0,0,0,0,0
Han_Shaanxi,0,0,0.031578947,0,0.084210526,0,0,0.042105263,0.010526316,0,0,0,0,0,0,0,0,0,0,0,0,0,0,0,0,0,0,0,0,0,0,0,0,0,0,0.021052632,0.021052632,0,0.021052632,0.031578947,0,0.052631579,0,0.084210526,0,0,0.178947368,0.315789474,0,0.010526316,0,0.021052632,0,0.021052632,0,0,0,0,0,0.042105263,0,0.010526316,0,0,0,0,0,0
Han_Shandong,0,0,0.005780347,0,0.10982659,0,0,0.028901734,0,0,0,0,0,0,0,0,0,0,0,0,0,0,0,0,0,0,0,0,0,0,0,0,0,0,0.005780347,0.011560694,0.01734104,0.005780347,0.005780347,0.023121387,0,0.052023121,0,0.075144509,0.011560694,0,0.179190751,0.421965318,0,0.005780347,0,0.01734104,0,0,0,0,0,0,0,0,0,0.011560694,0.005780347,0.005780347,0,0,0,0
Han_Shanxi,0,0,0.007751938,0,0.07751938,0,0,0,0,0,0,0,0,0,0,0,0,0,0,0,0,0,0.015503876,0,0,0.023255814,0,0,0,0,0,0,0,0,0.007751938,0.03875969,0.015503876,0,0.023255814,0.023255814,0.007751938,0.031007752,0,0.093023256,0.023255814,0,0.224806202,0.279069767,0,0,0,0.062015504,0.007751938,0.007751938,0,0,0,0,0,0.015503876,0,0.007751938,0,0,0,0,0,0.007751938
Han_Gansu,0,0,0.06,0,0.08,0,0,0.04,0,0,0,0,0,0,0,0,0,0,0,0,0,0,0,0,0,0,0,0,0,0,0,0,0,0,0,0.02,0.06,0,0,0.02,0,0.06,0.02,0.06,0,0,0.16,0.3,0,0,0,0.08,0,0,0,0,0,0,0,0.02,0,0,0,0,0.02,0,0,0
Han_Henan,0,0,0,0,0.101382488,0,0,0.00921659,0,0,0,0,0,0.004608295,0,0,0,0,0,0,0,0,0.004608295,0,0,0.004608295,0,0,0,0,0,0,0,0,0.00921659,0.004608295,0.013824885,0,0.032258065,0.013824885,0,0.036866359,0,0.092165899,0.004608295,0,0.165898618,0.423963134,0,0.00921659,0,0.046082949,0,0,0,0,0,0,0,0.01843318,0,0.004608295,0,0,0,0,0,0
Han_Guangxi,0,0,0,0,0.018072289,0.012048193,0,0.054216867,0,0,0,0,0,0,0,0,0,0,0,0,0,0,0,0,0,0,0,0,0,0,0,0,0,0,0.006024096,0.006024096,0,0,0.006024096,0.018072289,0,0.114457831,0,0.240963855,0,0,0.126506024,0.391566265,0,0,0,0.006024096,0,0,0,0,0,0,0,0,0,0,0,0,0,0,0,0
Han_Chongqing,0,0,0,0,0.04040404,0,0,0.04040404,0,0,0,0,0,0,0,0,0,0,0,0,0,0,0,0,0,0,0,0,0,0,0,0,0,0,0.01010101,0.01010101,0,0,0.01010101,0.050505051,0.01010101,0.161616162,0,0.131313131,0.01010101,0,0.161616162,0.323232323,0,0.01010101,0,0.02020202,0,0,0,0,0,0,0,0,0,0.01010101,0,0,0,0,0,0
Han_Guangdong,0,0,0,0,0,0.014492754,0,0.007246377,0,0,0,0,0,0,0,0,0,0,0,0,0,0,0,0,0,0,0,0,0,0,0,0,0,0,0.007246377,0,0,0,0,0.057971014,0,0.115942029,0.014492754,0.224637681,0,0,0.101449275,0.413043478,0.007246377,0.028985507,0,0.007246377,0,0,0,0,0,0,0,0,0,0,0,0,0,0,0,0
Han_Fujian,0,0,0,0,0.079207921,0.00990099,0,0,0,0,0,0,0,0,0,0,0,0,0,0,0,0,0,0,0,0,0,0,0,0,0,0,0,0,0.03960396,0,0,0,0.01980198,0,0.00990099,0.237623762,0,0.079207921,0,0,0.128712871,0.366336634,0,0.00990099,0,0.00990099,0,0,0,0,0,0,0,0.00990099,0,0,0,0,0,0,0,0
Han_Hainan,0,0,0,0,0.02739726,0.01369863,0,0.02739726,0,0,0,0,0,0,0,0,0,0,0,0,0,0,0,0,0,0,0,0,0,0,0,0,0,0,0,0,0,0,0.02739726,0.02739726,0,0.164383562,0,0.123287671,0,0,0.150684932,0.424657534,0,0.01369863,0,0,0,0,0,0,0,0,0,0,0,0,0,0,0,0,0,0
Han_Sichuan,0,0,0,0,0.193548387,0,0,0.032258065,0,0,0,0,0,0,0,0,0,0,0,0,0,0,0,0,0,0,0,0,0,0,0,0,0,0,0,0,0,0,0.032258065,0.096774194,0,0.064516129,0,0.129032258,0,0,0.193548387,0.225806452,0,0,0,0.032258065,0,0,0,0,0,0,0,0,0,0,0,0,0,0,0,0
Hui_Sichuan,0,0.035714286,0,0,0.071428571,0,0,0.035714286,0,0,0,0,0,0,0,0,0,0,0,0,0,0,0,0,0,0,0,0,0,0,0,0,0,0,0,0,0,0,0,0,0,0,0,0.107142857,0,0,0.035714286,0.678571429,0,0,0,0,0,0,0,0,0,0,0,0,0,0.035714286,0,0,0,0,0,0
Hui_Hainan,0,0.070175439,0,0,0.105263158,0,0,0,0,0,0,0,0,0,0,0,0,0,0,0,0,0,0,0,0.052631579,0,0,0.122807018,0,0,0,0,0,0,0,0,0,0,0,0,0,0.385964912,0,0.228070175,0,0,0,0.035087719,0,0,0,0,0,0,0,0,0,0,0,0,0,0,0,0,0,0,0,0
Tanka_Fujian,0,0,0,0,0.035087719,0,0,0.01754386,0,0,0,0,0,0,0,0,0,0,0,0,0,0,0,0,0,0,0,0,0,0,0,0,0,0,0,0,0,0,0.035087719,0,0,0.228070175,0,0.298245614,0,0,0.175438596,0.210526316,0,0,0,0,0,0,0,0,0,0,0,0,0,0,0,0,0,0,0,0
Bouyei_Guizhou,0,0,0,0,0,0,0,0.047619048,0,0,0,0,0,0,0,0,0,0,0,0,0,0,0,0,0,0,0,0,0,0,0,0,0,0,0,0,0,0,0,0,0,0.047619048,0,0.19047619,0,0,0.19047619,0.380952381,0,0.095238095,0,0.047619048,0,0,0,0,0,0,0,0,0,0,0,0,0,0,0,0
Dong_Guizhou,0,0,0,0,0.28,0,0,0,0,0,0,0,0,0,0,0,0,0,0,0,0,0,0,0,0,0,0,0,0,0,0,0,0,0,0,0,0,0,0,0.08,0,0.12,0,0.12,0,0,0.2,0.2,0,0,0,0,0,0,0,0,0,0,0,0,0,0,0,0,0,0,0,0
Li_Hainan,0,0.010638298,0,0,0.021276596,0.010638298,0,0,0,0,0,0,0,0,0,0,0,0,0,0,0,0,0,0,0,0,0,0,0,0,0,0,0,0,0,0,0,0,0,0.010638298,0,0.223404255,0,0.542553191,0,0,0.031914894,0.14893617,0,0,0,0,0,0,0,0,0,0,0,0,0,0,0,0,0,0,0,0
Maonan_Guizhou,0,0,0,0,0,0,0,0.043478261,0,0,0,0,0,0,0,0,0,0,0,0,0,0,0,0,0,0,0,0,0,0,0,0,0,0,0,0,0,0,0,0,0,0.043478261,0,0.826086957,0,0,0.043478261,0.043478261,0,0,0,0,0,0,0,0,0,0,0,0,0,0,0,0,0,0,0,0
Zhuang_Guangxi,0,0.012987013,0,0,0.032467532,0.019480519,0,0.025974026,0,0,0,0,0,0,0,0,0,0,0,0,0,0,0,0,0,0,0,0,0,0,0,0,0,0,0,0.006493506,0,0,0,0.012987013,0,0.097402597,0.012987013,0.493506494,0.012987013,0,0.058441558,0.207792208,0,0.006493506,0,0,0,0,0,0,0,0,0,0,0,0,0,0,0,0,0,0
Bai_Guizhou,0,0,0,0,0,0,0,0.038461538,0,0,0,0,0,0,0,0,0,0,0,0,0,0,0,0,0,0,0,0,0,0,0,0,0,0,0,0,0,0,0,0.230769231,0,0.038461538,0,0,0,0,0.038461538,0.653846154,0,0,0,0,0,0,0,0,0,0,0,0,0,0,0,0,0,0,0,0
Qiang_Sichuan,0,0,0,0,0.076923077,0,0,0.038461538,0,0,0,0,0,0,0,0,0,0,0,0,0,0,0,0,0,0,0,0,0,0,0,0,0,0,0,0,0,0,0.038461538,0.038461538,0,0.076923077,0,0.269230769,0,0,0.153846154,0.230769231,0,0,0,0.076923077,0,0,0,0,0,0,0,0,0,0,0,0,0,0,0,0
Tibetan_Sichuan,0,0,0,0,0,0,0,0.6,0,0,0,0,0,0,0,0,0,0,0,0,0,0,0,0,0,0,0.04,0,0,0,0,0,0,0,0,0,0,0,0,0,0,0.04,0,0,0,0,0,0.28,0,0,0,0,0,0,0,0,0,0,0,0.04,0,0,0,0,0,0,0,0
Tibetan_Tibet,0,0,0,0,0,0,0,0.636363636,0,0,0,0,0,0,0,0,0,0,0,0,0,0,0,0,0,0.03030303,0,0,0,0,0,0,0,0,0,0,0,0,0,0.090909091,0,0,0,0,0,0,0,0.151515152,0,0,0,0,0,0.03030303,0,0,0,0,0,0,0,0.03030303,0.03030303,0,0,0,0,0
Tujia_Guizhou,0,0,0,0,0.083333333,0,0,0.016666667,0.016666667,0,0,0,0,0,0,0,0,0,0,0,0,0,0,0,0,0,0,0,0,0,0,0,0,0,0,0.016666667,0,0,0,0,0,0.05,0,0,0,0,0.033333333,0.75,0,0,0,0.033333333,0,0,0,0,0,0,0,0,0,0,0,0,0,0,0,0
Manchu_Guizhou,0,0.023255814,0,0,0.093023256,0,0,0.046511628,0,0.069767442,0,0,0,0,0,0,0,0,0,0,0,0,0,0,0,0,0,0,0,0,0,0,0,0,0,0,0,0,0,0,0,0.139534884,0,0.418604651,0,0,0.023255814,0.186046512,0,0,0,0,0,0,0,0,0,0,0,0,0,0,0,0,0,0,0,0
Black_Tai_Thailand,0,0,0,0,0,0,0,0,0,0,0,0,0,0,0,0,0,0,0,0,0,0,0,0,0,0,0,0,0,0,0,0,0,0,0,0,0,0,0,0,0,0.027777778,0.027777778,0.777777778,0,0,0,0.138888889,0,0,0,0,0,0,0,0,0,0,0,0.027777778,0,0,0,0,0,0,0,0
Central_Thai_Thailand,0,0.015503876,0,0,0.031007752,0,0,0.007751938,0.007751938,0,0,0,0,0,0,0.023255814,0.007751938,0.007751938,0,0,0,0,0,0,0,0.023255814,0,0.007751938,0.007751938,0,0.007751938,0,0,0,0,0,0.015503876,0,0,0,0,0.03875969,0,0.263565891,0,0,0.07751938,0.310077519,0,0.007751938,0,0,0,0,0.007751938,0,0,0,0,0.11627907,0,0,0,0,0.015503876,0,0,0
Colao_Vietnam,0,0.029411765,0,0,0,0,0,0,0,0,0,0,0,0,0,0,0,0,0,0,0,0,0,0,0,0,0,0,0,0,0,0,0,0,0,0,0,0,0,0.088235294,0,0.058823529,0,0.764705882,0,0,0.029411765,0.029411765,0,0,0,0,0,0,0,0,0,0,0,0,0,0,0,0,0,0,0,0
Dao_Vietnam,0,0.023255814,0,0,0,0,0,0,0,0.023255814,0,0,0,0,0,0,0,0,0,0,0,0,0,0,0,0,0,0,0,0,0,0,0,0,0,0,0,0,0,0.069767442,0,0.093023256,0,0.302325581,0,0,0,0.488372093,0,0,0,0,0,0,0,0,0,0,0,0,0,0,0,0,0,0,0,0
Ede_Vietnam,0,0,0,0,0,0,0.041666667,0,0,0,0,0,0,0,0,0,0,0,0,0,0,0,0,0,0,0,0,0,0,0,0,0,0,0,0,0,0,0,0,0,0,0,0,0.75,0,0,0,0.083333333,0,0,0,0,0,0,0,0,0,0,0,0.083333333,0,0,0,0,0.041666667,0,0,0
Giarai_Vietnam,0,0.037037037,0,0,0,0,0,0,0,0,0,0,0,0,0,0,0,0,0,0,0,0,0,0,0,0,0,0,0,0,0,0.037037037,0,0,0,0,0,0,0,0,0,0,0,0.666666667,0,0,0,0.185185185,0,0,0,0,0,0,0,0,0,0,0,0.037037037,0,0,0,0,0.037037037,0,0,0
Hanhi_Vietnam,0,0,0,0,0.121212121,0,0,0,0,0.151515152,0,0,0,0,0,0,0,0,0,0,0,0,0,0,0,0,0,0,0,0,0,0,0,0,0,0,0,0,0,0.090909091,0,0.060606061,0,0.212121212,0,0,0,0.363636364,0,0,0,0,0,0,0,0,0,0,0,0,0,0,0,0,0,0,0,0
Hmong_Thailand,0,0,0,0,0.142857143,0,0,0.083333333,0,0,0,0,0,0,0,0,0,0,0,0,0,0,0,0,0,0,0,0,0,0,0,0,0,0,0,0,0,0,0.011904762,0.071428571,0,0,0,0.047619048,0,0,0.035714286,0.607142857,0,0,0,0,0,0,0,0,0,0,0,0,0,0,0,0,0,0,0,0
Hmong_Vietnam,0,0.25,0,0,0.275,0,0,0.125,0,0,0,0,0,0,0,0,0,0,0,0,0,0,0,0,0,0,0,0,0,0,0,0,0,0,0,0,0,0,0,0,0,0.05,0,0.175,0,0,0,0.125,0,0,0,0,0,0,0,0,0,0,0,0,0,0,0,0,0,0,0,0
Htin_Thailand,0,0,0,0,0,0,0,0,0,0,0,0,0,0,0,0,0,0,0,0,0,0,0,0,0,0.021276596,0,0,0,0.021276596,0.021276596,0,0,0,0,0,0,0,0,0,0,0.042553191,0,0.872340426,0,0,0,0.021276596,0,0,0,0,0,0,0,0,0,0,0,0,0,0,0,0,0,0,0,0
IuMien_Thailand,0,0,0,0,0.037037037,0,0,0.074074074,0,0,0,0,0,0,0,0,0,0,0,0,0,0,0,0,0,0,0,0,0,0,0,0,0,0,0,0,0,0,0,0,0,0,0.037037037,0.37037037,0,0,0.259259259,0.222222222,0,0,0,0,0,0,0,0,0,0,0,0,0,0,0,0,0,0,0,0
Karen_Thailand,0,0,0,0,0,0,0,0.052631579,0,0,0,0.122807018,0,0,0,0,0,0,0,0,0,0,0,0,0,0,0,0,0,0,0,0,0,0,0,0,0,0,0,0.070175439,0,0.01754386,0,0.245614035,0,0,0,0.49122807,0,0,0,0,0,0,0,0,0,0,0,0,0,0,0,0,0,0,0,0
Khmer_Thailand,0,0.02173913,0,0,0,0,0,0.043478261,0,0,0,0,0,0,0,0,0.02173913,0,0,0,0,0,0,0,0,0,0,0,0,0,0,0,0,0,0,0,0,0,0,0.065217391,0,0,0,0.739130435,0,0,0,0.086956522,0,0,0,0,0,0,0,0,0,0,0,0.02173913,0,0,0,0,0,0,0,0
Khonmueang_Thailand,0,0,0,0,0.016949153,0,0,0.033898305,0,0,0,0,0,0,0,0,0,0,0,0,0,0,0,0,0,0,0,0,0,0,0,0,0,0,0,0,0,0,0.016949153,0.033898305,0,0.016949153,0,0.423728814,0,0,0.016949153,0.440677966,0,0,0,0,0,0,0,0,0,0,0,0,0,0,0,0,0,0,0,0
Kinh_Vietnam,0,0,0,0,0.085106383,0,0,0,0,0,0,0,0,0,0,0.021276596,0,0,0,0,0,0,0,0,0,0,0,0,0,0,0,0,0,0,0,0,0.021276596,0,0,0.021276596,0,0.042553191,0,0.446808511,0,0,0.14893617,0.170212766,0,0,0,0.042553191,0,0,0,0,0,0,0,0,0,0,0,0,0,0,0,0
Lachi_Vietnam,0,0,0,0,0,0,0,0,0,0,0,0,0,0,0,0,0,0,0,0,0,0,0,0,0,0,0,0,0,0,0,0,0,0,0,0,0,0,0,0,0,0.472222222,0,0.305555556,0,0,0,0.222222222,0,0,0,0,0,0,0,0,0,0,0,0,0,0,0,0,0,0,0,0
Lahu_Thailand,0,0,0,0,0.060606061,0,0,0,0,0.484848485,0,0,0,0,0,0,0,0,0,0,0,0,0,0,0,0,0,0,0,0,0,0,0,0,0,0,0,0,0,0.03030303,0,0,0,0.212121212,0,0,0.03030303,0.151515152,0,0,0,0.03030303,0,0,0,0,0,0,0,0,0,0,0,0,0,0,0,0
Lahu_Vietnam,0,0,0,0,0,0,0,0,0,0.322580645,0,0,0,0,0,0,0,0,0,0,0,0,0,0,0,0,0,0,0,0,0,0,0,0,0,0,0,0,0,0.225806452,0,0,0,0.290322581,0,0,0,0.161290323,0,0,0,0,0,0,0,0,0,0,0,0,0,0,0,0,0,0,0,0
Lao_Laos,0,0.025641026,0,0,0.051282051,0,0,0.051282051,0,0,0,0,0,0,0,0,0,0,0,0,0,0,0,0,0,0,0,0,0,0,0,0,0,0,0,0,0,0,0,0.025641026,0,0.025641026,0.025641026,0.538461538,0,0,0,0.256410256,0,0,0,0,0,0,0,0,0,0,0,0,0,0,0,0,0,0,0,0
Lao_Thailand,0,0,0,0.012987013,0,0,0,0.012987013,0,0,0,0,0,0,0,0,0,0,0,0,0,0,0,0,0,0,0,0.025974026,0,0,0,0,0,0,0,0,0,0,0,0,0,0.064935065,0.012987013,0.623376623,0,0,0.038961039,0.168831169,0,0,0,0.012987013,0,0,0,0,0,0,0,0.012987013,0,0,0,0,0.012987013,0,0,0
Lawa_Thailand,0,0,0,0,0,0,0,0.020833333,0,0,0,0,0,0,0,0,0,0,0,0,0,0,0,0,0,0,0,0,0,0,0,0,0,0,0,0,0,0,0,0.208333333,0,0,0,0.645833333,0,0,0,0.125,0,0,0,0,0,0,0,0,0,0,0,0,0,0,0,0,0,0,0,0
Lolo_Vietnam,0,0,0,0,0,0,0,0.166666667,0,0.027777778,0,0,0,0,0,0,0,0,0,0,0,0,0,0,0,0,0,0,0,0,0,0,0,0,0,0,0.027777778,0,0,0,0,0,0,0.694444444,0,0,0.027777778,0.055555556,0,0,0,0,0,0,0,0,0,0,0,0,0,0,0,0,0,0,0,0
Lue_Thailand,0,0,0,0,0,0,0,0,0,0,0,0,0,0,0,0,0,0,0,0,0,0,0,0,0,0,0,0,0,0,0,0,0,0,0,0,0,0,0,0.033333333,0,0.066666667,0.066666667,0.5,0,0,0.066666667,0.266666667,0,0,0,0,0,0,0,0,0,0,0,0,0,0,0,0,0,0,0,0
Mang_Vietnam,0,0,0,0,0,0,0,0,0,0,0,0,0,0,0,0,0,0,0,0,0,0,0,0,0,0,0,0,0,0.027027027,0,0,0,0,0,0,0,0,0,0,0,0,0,0.972972973,0,0,0,0,0,0,0,0,0,0,0,0,0,0,0,0,0,0,0,0,0,0,0,0
Mon_Thailand,0,0.02173913,0,0,0.02173913,0,0,0,0,0,0,0,0,0,0,0.032608696,0,0,0,0,0,0,0,0,0,0.043478261,0,0.010869565,0,0,0,0.010869565,0.010869565,0,0,0,0,0,0.010869565,0.02173913,0,0.054347826,0.010869565,0.282608696,0,0.010869565,0.02173913,0.22826087,0,0,0,0,0.010869565,0,0.010869565,0,0,0,0,0.108695652,0,0.010869565,0,0,0.065217391,0,0,0
Nung_Vietnam,0,0.027027027,0,0,0,0,0,0.081081081,0,0,0,0,0,0,0,0,0,0,0,0,0,0,0,0,0,0,0,0,0,0,0,0,0,0,0,0,0,0,0,0.027027027,0,0.027027027,0,0.702702703,0,0,0.027027027,0.108108108,0,0,0,0,0,0,0,0,0,0,0,0,0,0,0,0,0,0,0,0
Nyahkur_Thailand,0,0,0,0,0.238095238,0,0,0,0,0,0,0,0,0,0,0,0,0,0,0,0,0,0,0,0,0.047619048,0,0,0,0,0,0,0,0,0,0,0,0,0,0,0,0,0,0.238095238,0,0,0,0.476190476,0,0,0,0,0,0,0,0,0,0,0,0,0,0,0,0,0,0,0,0
Pathen_Vietnam,0,0.029411765,0,0,0.117647059,0,0,0.029411765,0,0,0,0,0,0,0,0,0,0,0,0,0,0,0,0,0,0,0,0,0,0,0,0,0,0,0,0,0,0,0,0,0,0.058823529,0,0.147058824,0,0,0.117647059,0.5,0,0,0,0,0,0,0,0,0,0,0,0,0,0,0,0,0,0,0,0
Phuan_Thailand,0,0,0,0,0,0,0,0,0,0.029411765,0,0,0,0,0,0,0,0,0,0,0,0,0,0,0,0,0,0,0,0,0,0.029411765,0,0,0,0,0,0,0,0,0,0.117647059,0,0.529411765,0,0.029411765,0,0.235294118,0,0,0,0,0,0,0,0,0,0,0,0,0,0,0,0,0.029411765,0,0,0
Phula_Vietnam,0,0,0,0,0,0,0,0,0,0.742857143,0,0,0,0,0,0,0,0,0,0,0,0,0,0,0,0,0,0,0,0,0,0,0,0,0,0,0,0,0,0,0,0,0,0.114285714,0,0,0,0.114285714,0,0,0.028571429,0,0,0,0,0,0,0,0,0,0,0,0,0,0,0,0,0
Phutai_Thailand,0,0,0,0,0.041666667,0,0,0,0,0,0,0,0,0,0,0,0,0,0,0,0,0,0,0,0,0,0,0,0,0,0,0,0,0,0,0,0,0,0,0,0,0.041666667,0,0.541666667,0,0,0,0.375,0,0,0,0,0,0,0,0,0,0,0,0,0,0,0,0,0,0,0,0
Shan_Thailand,0,0,0,0,0,0,0,0,0,0,0,0,0,0,0,0,0,0,0.026315789,0,0,0,0,0,0,0,0,0,0,0,0,0,0,0,0,0,0,0,0,0.052631579,0,0.105263158,0,0.315789474,0,0,0,0.5,0,0,0,0,0,0,0,0,0,0,0,0,0,0,0,0,0,0,0,0
Sila_Vietnam,0,0,0,0,0.103448276,0,0,0,0,0,0,0,0,0,0,0,0,0,0,0,0,0,0,0,0,0,0,0,0,0,0,0,0,0,0,0,0,0,0,0.034482759,0,0.034482759,0,0.827586207,0,0,0,0,0,0,0,0,0,0,0,0,0,0,0,0,0,0,0,0,0,0,0,0
Suay_Thailand,0,0,0,0,0,0,0,0,0,0,0,0,0,0,0,0,0,0,0,0,0,0,0,0,0,0,0,0,0,0,0,0,0,0,0,0,0,0,0,0,0,0.05,0,0.7,0,0,0,0.15,0,0,0,0.05,0,0,0,0,0,0,0,0.05,0,0,0,0,0,0,0,0
Tay_Vietnam,0,0,0,0,0,0,0,0,0,0.068181818,0,0,0,0,0,0,0,0,0,0,0,0,0,0,0,0,0,0,0,0,0,0,0,0,0,0,0,0,0,0.022727273,0,0.068181818,0,0.590909091,0,0,0,0.25,0,0,0,0,0,0,0,0,0,0,0,0,0,0,0,0,0,0,0,0
Thai_Vietnam,0,0,0,0,0,0,0,0,0,0.041666667,0,0,0,0,0,0,0,0,0,0,0,0,0,0,0,0,0,0,0,0,0,0,0,0,0,0,0,0,0,0,0,0,0,0.666666667,0,0.083333333,0,0.208333333,0,0,0,0,0,0,0,0,0,0,0,0,0,0,0,0,0,0,0,0
Yuan_Thailand,0,0.038461538,0,0.038461538,0.038461538,0,0,0,0,0,0,0,0,0,0,0.038461538,0,0,0,0,0,0,0,0,0,0,0,0,0,0,0,0,0,0,0,0,0,0,0,0,0,0.038461538,0,0.538461538,0,0,0,0.230769231,0,0,0,0,0,0,0,0,0,0,0,0,0,0,0,0,0.038461538,0,0,0
Dungan_Kazakhstan,0,0,0,0,0.05,0,0,0.1,0,0,0,0,0,0.05,0,0,0,0,0,0,0,0,0,0,0,0.2,0,0,0,0,0,0,0,0,0,0,0,0,0.05,0,0,0,0,0,0,0,0.05,0.25,0,0,0,0.1,0,0,0,0.05,0,0.05,0,0.05,0,0,0,0,0,0,0,0
Hazara_Afghanistan,0,0,0.45,0,0.05,0,0,0,0,0,0,0,0,0,0,0,0,0,0,0,0.05,0,0,0,0,0.2,0,0,0,0,0,0,0.05,0,0,0,0,0,0,0,0,0,0,0,0,0,0,0,0,0,0,0,0,0,0,0,0,0,0,0.15,0,0.05,0,0,0,0,0,0
Kyrgyz_Kyrgyzstan,0,0,0.3,0,0,0,0,0,0,0,0,0,0,0,0,0,0,0,0,0,0,0,0,0,0,0.1,0,0,0,0,0,0,0,0,0,0,0.05,0,0,0,0,0,0,0,0,0,0,0,0,0,0,0,0,0,0,0,0,0,0,0.55,0,0,0,0,0,0,0,0
Tajik_Tajikistan,0,0,0,0,0,0,0,0.05,0.05,0,0,0,0,0,0,0,0.05,0,0,0,0,0,0,0,0,0.1,0.05,0,0,0,0,0,0,0.05,0,0,0,0,0,0,0,0,0,0,0,0,0,0,0,0,0,0,0,0.05,0.05,0,0,0,0,0.35,0.05,0,0,0,0.15,0,0,0
Turkmen_Turkmenistan,0,0,0.1,0,0,0,0,0.05,0.05,0,0,0,0,0.05,0,0,0,0,0,0,0,0,0.1,0,0,0.2,0,0,0,0,0,0,0,0.05,0,0,0.05,0,0,0,0,0,0,0,0,0,0,0,0,0,0,0,0.05,0.1,0,0,0,0,0,0.05,0,0.1,0,0,0.05,0,0,0
Punjabi_Pakistan,0,0.012820513,0,0,0,0,0,0,0,0,0.025641026,0,0.025641026,0.038461538,0.025641026,0.051282051,0,0,0,0.025641026,0,0,0,0.012820513,0,0.153846154,0.012820513,0.012820513,0,0,0,0.051282051,0,0,0,0,0,0,0,0,0,0,0,0,0,0,0,0,0,0,0,0,0.025641026,0,0,0,0.025641026,0,0,0.346153846,0,0,0,0,0.153846154,0,0,0
Bengali_Bangladesh,0,0.049180328,0,0,0.016393443,0,0,0,0,0,0,0,0,0,0,0.295081967,0.06557377,0,0,0,0,0,0,0,0,0.081967213,0,0.081967213,0,0,0,0.016393443,0.016393443,0,0,0,0,0,0,0,0,0,0,0.032786885,0,0,0,0.032786885,0,0,0,0,0,0,0.032786885,0,0,0,0.016393443,0.163934426,0,0,0,0,0.098360656,0,0,0
Bedouin_Israel,0.038461538,0,0,0,0,0,0,0,0.153846154,0,0,0,0,0.038461538,0,0,0,0,0,0,0,0,0.692307692,0,0,0,0,0,0,0,0,0,0,0,0,0,0,0,0,0,0,0,0,0,0,0,0,0,0,0,0,0,0,0,0,0,0,0,0,0.076923077,0,0,0,0,0,0,0,0
Brahui_Pakistan,0,0.04,0,0,0,0,0,0,0,0,0.04,0,0,0.12,0,0.04,0,0,0,0,0,0,0.12,0,0,0.16,0,0,0,0,0,0.04,0.04,0,0,0,0,0,0,0,0,0,0,0,0,0,0.04,0,0,0,0,0,0,0,0,0,0,0,0,0.24,0,0,0,0,0.12,0,0,0
Balochi_Pakistan,0,0,0,0,0,0,0,0,0.083333333,0,0,0,0,0,0,0.041666667,0,0,0,0,0,0.041666667,0.041666667,0,0,0.083333333,0,0,0,0,0,0.166666667,0.041666667,0,0,0,0,0,0,0,0,0,0,0,0,0,0,0,0,0,0,0,0,0,0,0,0,0,0,0.291666667,0,0.083333333,0,0,0.125,0,0,0
Burusho_Pakistan,0,0,0,0,0.05,0,0,0,0,0,0,0,0,0,0.05,0.15,0,0,0,0,0,0,0,0,0,0,0,0.05,0,0,0,0,0.15,0,0,0,0,0,0,0,0,0,0,0,0,0,0,0.05,0,0,0,0,0,0,0,0,0,0,0,0.1,0,0,0,0,0.15,0,0.25,0
Hazara_Pakistan,0,0,0.25,0,0.05,0,0,0,0,0,0,0,0,0,0,0,0,0,0,0,0.05,0,0,0,0,0.05,0,0,0,0,0,0,0,0,0,0,0,0,0,0,0,0,0,0,0,0,0.1,0,0,0,0,0,0,0,0,0.05,0,0.05,0,0,0,0.4,0,0,0,0,0,0
Makrani_Pakistan,0,0,0,0,0,0,0,0,0.05,0,0,0,0,0,0,0,0,0,0,0,0,0,0,0,0,0.25,0,0,0,0,0,0.1,0,0.1,0,0,0,0,0,0,0,0,0,0,0,0,0,0,0,0,0,0,0,0,0.05,0,0,0,0,0.3,0,0.05,0,0,0.1,0,0,0
Sindhi_Pakistan,0,0,0,0,0,0,0,0,0,0,0,0,0,0,0,0,0,0,0,0,0,0,0.05,0,0,0.2,0,0.1,0,0,0,0,0.05,0,0,0,0,0,0,0,0,0,0,0,0,0,0,0,0,0,0,0,0,0,0,0.05,0,0,0,0.5,0,0,0,0,0.05,0,0,0
